{"cameraMode":{"drawMode":0,"name":"Shaded","section":"Shading Mode"},"sceneLighting":true,"audioPlay":false,"sceneViewState":{"showFog":true,"showMaterialUpdate":false,"showSkybox":true,"showFlares":true,"showImageEffects":true,"showParticleSystems":true},"in2DMode":false,"pivot":{"x":-40.95103073120117,"y":30.436656951904298,"z":-17.224456787109376},"rotation":{"x":0.18207618594169618,"y":0.6403819918632507,"z":-0.15998584032058717,"w":0.7288097739219666},"size":12.523412704467774,"orthographic":false}